City_ID,City,Country,Date,Lat,Lng,Max Temp,Humidity,Cloudiness,Wind Speed
0,Atuona,PF,2022-11-17 01:29:22,-9.8,-139.0333,78.21,76,1,14.12
1,Faanui,PF,2022-11-17 01:29:22,-16.4833,-151.75,79.48,72,86,1.68
2,Baykit,RU,2022-11-17 01:29:22,61.67,96.37,-11.69,99,77,4.0
3,Busselton,AU,2022-11-17 01:29:23,-33.65,115.3333,59.9,70,98,19.35
4,Torbay,CA,2022-11-17 01:29:23,47.6666,-52.7314,33.58,79,100,5.75
5,Tiznit,MA,2022-11-17 01:29:23,29.5833,-9.5,62.82,29,19,2.1
6,Castro,BR,2022-11-17 01:29:23,-24.7911,-50.0119,56.77,86,0,6.24
7,Bluff,NZ,2022-11-17 01:29:24,-46.6,168.3333,58.8,87,100,12.66
8,Nikolskoye,RU,2022-11-17 01:29:24,59.7035,30.7861,33.69,86,100,7.16
9,Kapaa,US,2022-11-17 01:29:24,22.0752,-159.319,80.58,67,75,11.5
10,New Norfolk,AU,2022-11-17 01:29:25,-42.7826,147.0587,59.72,51,100,1.99
11,Vaini,TO,2022-11-17 01:29:25,-21.2,-175.2,80.76,74,20,4.61
12,Kodiak,US,2022-11-17 01:29:25,57.79,-152.4072,44.11,93,100,18.41
13,Yelizovo,RU,2022-11-17 01:29:26,53.1873,158.3805,23.14,49,0,8.99
14,Ushuaia,AR,2022-11-17 01:29:26,-54.8,-68.3,51.46,54,75,4.61
15,Butaritari,KI,2022-11-17 01:29:26,3.0707,172.7902,81.18,73,20,17.58
16,Qaanaaq,GL,2022-11-17 01:29:26,77.484,-69.3632,-4.22,93,100,4.92
17,Albany,US,2022-11-17 01:29:19,42.6001,-73.9662,37.56,89,47,8.75
18,Mahebourg,MU,2022-11-17 01:25:30,-20.4081,57.7,70.09,78,40,3.44
19,Calabozo,VE,2022-11-17 01:29:27,8.9242,-67.4293,78.19,79,100,4.05
20,Victoria,HK,2022-11-17 01:29:27,22.2855,114.1577,78.96,81,74,11.01
21,Suntar,RU,2022-11-17 01:29:27,62.1444,117.6319,0.84,99,100,2.55
22,Ilulissat,GL,2022-11-17 01:29:28,69.2167,-51.1,15.82,73,100,6.91
23,Vila Franca Do Campo,PT,2022-11-17 01:29:28,37.7167,-25.4333,63.19,89,100,6.31
24,Punta Arenas,CL,2022-11-17 01:29:26,-53.15,-70.9167,50.11,66,0,6.91
25,Kavieng,PG,2022-11-17 01:29:28,-2.5744,150.7967,84.81,68,97,9.57
26,Hobyo,SO,2022-11-17 01:29:29,5.3505,48.5268,80.89,73,76,13.67
27,Quatre Cocos,MU,2022-11-17 01:29:29,-20.2078,57.7625,69.91,66,30,4.74
28,Saskylakh,RU,2022-11-17 01:29:29,71.9167,114.0833,-25.17,98,100,4.7
29,Tevaitoa,PF,2022-11-17 01:29:30,-16.7833,-151.5,79.45,73,100,2.71
30,Chokurdakh,RU,2022-11-17 01:29:30,70.6333,147.9167,-22.88,100,87,4.81
31,Bredasdorp,ZA,2022-11-17 01:29:30,-34.5322,20.0403,55.38,72,100,3.15
32,Lebu,CL,2022-11-17 01:25:24,-37.6167,-73.65,56.52,93,16,8.16
33,Mehamn,NO,2022-11-17 01:29:30,71.0357,27.8492,40.95,45,47,18.41
34,Olimpia,BR,2022-11-17 01:29:31,-20.7372,-48.9147,73.58,30,0,6.15
35,Port Elizabeth,ZA,2022-11-17 01:29:31,-33.918,25.5701,63.32,80,0,10.36
36,Toora-Khem,RU,2022-11-17 01:29:31,52.4675,96.11,12.7,92,100,2.42
37,Cape Town,ZA,2022-11-17 01:24:54,-33.9258,18.4232,61.27,71,0,13.8
38,Hobart,AU,2022-11-17 01:29:32,-42.8794,147.3294,60.06,70,75,13.8
39,Jamestown,US,2022-11-17 01:25:14,42.097,-79.2353,34.02,70,100,17.0
40,Glushkovo,RU,2022-11-17 01:29:32,51.3392,34.6328,29.91,96,100,12.17
41,Souillac,MU,2022-11-17 01:29:32,-20.5167,57.5167,70.18,78,40,3.44
42,Bethel,US,2022-11-17 01:25:33,41.3712,-73.414,42.76,75,0,5.75
43,Tikrit,IQ,2022-11-17 01:29:33,34.6071,43.6782,59.0,75,69,3.18
44,Puerto Ayora,EC,2022-11-17 01:25:29,-0.7393,-90.3518,70.56,90,100,5.99
45,Saint Anthony,US,2022-11-17 01:29:33,45.0205,-93.218,27.25,80,40,11.5
46,Los Llanos De Aridane,ES,2022-11-17 01:29:33,28.6585,-17.9182,69.12,27,0,8.99
47,Sao Filipe,CV,2022-11-17 01:30:34,14.8961,-24.4956,77.4,69,81,0.65
48,Halifax,CA,2022-11-17 01:25:43,44.6453,-63.5724,56.5,97,100,35.68
49,Vengerovo,RU,2022-11-17 01:30:34,55.6848,76.7471,11.93,92,100,7.34
50,Norman Wells,CA,2022-11-17 01:30:34,65.282,-126.8329,-0.36,85,40,0.0
51,Maniitsoq,GL,2022-11-17 01:30:35,65.4167,-52.9,18.61,68,100,4.47
52,Hithadhoo,MV,2022-11-17 01:30:35,-0.6,73.0833,80.85,77,100,10.74
53,Geraldton,AU,2022-11-17 01:30:35,-28.7667,114.6,61.21,82,75,11.5
54,East London,ZA,2022-11-17 01:30:11,-33.0153,27.9116,64.67,80,100,2.28
55,Nelson Bay,AU,2022-11-17 01:30:36,-32.7167,152.15,66.25,61,7,15.01
56,Upernavik,GL,2022-11-17 01:30:36,72.7868,-56.1549,11.62,93,99,13.87
57,Lagoa,PT,2022-11-17 01:30:36,39.05,-27.9833,61.61,66,100,21.9
58,Thunder Bay,CA,2022-11-17 01:28:09,48.4001,-89.3168,21.18,93,100,2.3
59,Rikitea,PF,2022-11-17 01:30:37,-23.1203,-134.9692,73.18,92,100,23.22
60,Sao Joao Da Barra,BR,2022-11-17 01:30:37,-21.6403,-41.0511,70.5,89,91,22.15
61,Walvis Bay,NA,2022-11-17 01:27:41,-22.9575,14.5053,60.1,88,0,12.66
62,Ilovlya,RU,2022-11-17 01:30:37,49.3033,43.9796,35.76,71,100,4.99
63,Yellowknife,CA,2022-11-17 01:26:09,62.456,-114.3525,1.92,92,75,2.3
64,Mataura,NZ,2022-11-17 01:29:25,-46.1927,168.8643,58.48,85,100,2.8
65,Tuktoyaktuk,CA,2022-11-17 01:30:38,69.4541,-133.0374,15.8,67,40,12.66
66,Labytnangi,RU,2022-11-17 01:30:38,66.6572,66.4183,5.16,86,24,7.65
67,Amapa,BR,2022-11-17 01:30:38,1.0,-52.0,70.97,77,90,2.64
68,Timra,SE,2022-11-17 01:30:38,62.487,17.3257,20.88,86,0,5.75
69,Guerrero Negro,MX,2022-11-17 01:30:39,27.9769,-114.0611,67.39,40,0,5.5
70,Avarua,CK,2022-11-17 01:30:39,-21.2078,-159.775,78.85,65,68,16.11
71,Burnie,AU,2022-11-17 01:30:36,-41.0667,145.9167,57.94,55,41,7.74
72,Hilo,US,2022-11-17 01:30:39,19.7297,-155.09,80.11,86,100,5.75
73,Kruisfontein,ZA,2022-11-17 01:30:40,-34.0033,24.7314,57.88,73,100,6.8
74,Bathsheba,BB,2022-11-17 01:30:40,13.2167,-59.5167,81.21,78,40,13.8
75,Ouesso,CG,2022-11-17 01:30:40,1.6136,16.0517,69.35,98,99,2.19
76,Nantucket,US,2022-11-17 01:30:41,41.2835,-70.0995,48.31,77,100,13.8
77,Cidreira,BR,2022-11-17 01:29:30,-30.1811,-50.2056,66.97,59,0,4.7
78,Roald,NO,2022-11-17 01:30:41,62.5833,6.1333,51.94,32,100,18.41
79,Traverse City,US,2022-11-17 01:27:43,44.7631,-85.6206,30.4,93,100,3.44
80,Marovoay,MG,2022-11-17 01:30:41,-16.1,46.6333,73.78,85,86,4.76
81,Tambopata,PE,2022-11-17 01:30:42,-12.7333,-69.1833,74.32,90,96,2.59
82,Dikson,RU,2022-11-17 01:30:42,73.5069,80.5464,1.38,94,100,16.91
83,Hermanus,ZA,2022-11-17 01:30:42,-34.4187,19.2345,52.81,72,99,4.59
84,Carnarvon,AU,2022-11-17 01:30:43,-24.8667,113.6333,68.4,51,91,15.5
85,Aras,ES,2022-11-17 01:30:43,42.5617,-2.356,59.43,93,0,1.14
86,Bambous Virieux,MU,2022-11-17 01:30:43,-20.3428,57.7575,70.05,78,40,3.44
87,Birjand,IR,2022-11-17 01:30:43,32.8663,59.2211,41.47,33,0,9.22
88,Hambantota,LK,2022-11-17 01:31:44,6.1241,81.1185,73.74,100,20,2.3
89,Mashhad,IR,2022-11-17 01:31:44,36.297,59.6062,41.14,81,0,4.61
90,Malindi,KE,2022-11-17 01:31:45,-3.2175,40.1191,76.03,86,100,1.86
91,Khatanga,RU,2022-11-17 01:31:45,71.9667,102.5,-30.39,100,94,5.23
92,Birao,CF,2022-11-17 01:31:45,10.2849,22.7882,67.55,35,61,5.84
93,Tasiilaq,GL,2022-11-17 01:31:45,65.6145,-37.6368,35.76,83,99,26.44
94,Dinhata,IN,2022-11-17 01:31:46,26.1333,89.4667,68.29,75,0,5.53
95,Calama,CL,2022-11-17 01:31:46,-22.4667,-68.9333,64.89,24,0,11.5
96,Paita,PE,2022-11-17 01:31:46,-5.0892,-81.1144,64.99,84,85,14.27
97,Port Alfred,ZA,2022-11-17 01:31:47,-33.5906,26.891,62.19,95,99,8.03
98,Banepa,NP,2022-11-17 01:31:47,27.6298,85.5214,48.52,93,75,2.3
99,Flin Flon,CA,2022-11-17 01:31:47,54.7682,-101.865,17.44,91,100,13.8
100,Marau,BR,2022-11-17 01:31:47,-28.4492,-52.2,57.33,67,0,3.96
101,Rio Gallegos,AR,2022-11-17 01:31:48,-51.6226,-69.2181,51.85,50,0,33.38
102,Jalu,LY,2022-11-17 01:31:48,29.0331,21.5482,61.36,38,0,10.04
103,Tucurui,BR,2022-11-17 01:31:48,-3.7661,-49.6725,78.19,78,87,2.08
104,Longyearbyen,SJ,2022-11-17 01:30:35,78.2186,15.6401,21.04,68,20,16.11
105,Katsuura,JP,2022-11-17 01:31:49,35.1333,140.3,61.05,67,91,15.37
106,Olafsvik,IS,2022-11-17 01:31:49,64.8945,-23.7142,44.31,74,72,22.1
107,Sosnovo-Ozerskoye,RU,2022-11-17 01:31:49,52.5249,111.5418,20.97,83,37,9.42
108,Makakilo City,US,2022-11-17 01:31:50,21.3469,-158.0858,82.72,54,40,18.41
109,Vytegra,RU,2022-11-17 01:31:50,61.0064,36.4481,30.7,86,85,8.7
110,Stephenville,US,2022-11-17 01:31:09,32.2207,-98.2023,46.53,65,75,0.0
111,Saint-Denis,FR,2022-11-17 01:31:50,48.9167,2.3333,56.17,79,100,28.77
112,Batabano,CU,2022-11-17 01:31:51,22.7164,-82.2881,77.72,82,22,12.41
113,Miranda De Ebro,ES,2022-11-17 01:31:51,42.6865,-2.947,61.25,69,100,17.34
114,Tommot,RU,2022-11-17 01:31:51,58.9564,126.2925,4.59,96,100,2.13
115,Marsa Matruh,EG,2022-11-17 01:31:51,31.3525,27.2453,64.62,69,2,9.55
116,Svetlaya,RU,2022-11-17 01:31:52,46.5389,138.3297,32.94,52,5,2.82
117,Meulaboh,ID,2022-11-17 01:31:52,4.1363,96.1285,78.21,83,100,4.68
118,Pangody,RU,2022-11-17 01:31:52,65.85,74.4859,3.94,96,100,10.31
119,Sorong,ID,2022-11-17 01:31:53,-0.8833,131.25,83.66,73,62,3.87
120,Rosita,NI,2022-11-17 01:31:53,13.9268,-84.4032,72.32,99,94,3.02
121,Esperance,AU,2022-11-17 01:31:53,-33.8667,121.9,73.17,51,6,9.64
122,Deskati,GR,2022-11-17 01:31:53,39.9225,21.8028,48.96,71,97,3.89
123,Stornoway,GB,2022-11-17 01:31:54,58.2093,-6.3865,46.36,76,98,4.61
124,Tessalit,ML,2022-11-17 01:31:54,20.1986,1.0114,66.97,16,51,6.62
125,Tiksi,RU,2022-11-17 01:31:54,71.6872,128.8694,-20.58,99,95,3.69
126,Kribi,CM,2022-11-17 01:31:55,2.95,9.9167,77.29,87,99,6.71
127,Gat,IL,2022-11-17 01:31:55,31.61,34.7642,64.4,100,17,5.32
128,Havre-Saint-Pierre,CA,2022-11-17 01:31:55,50.2334,-63.5986,28.4,86,100,11.5
129,Marzuq,YE,2022-11-17 01:31:56,14.4,46.4667,61.11,58,2,1.21
130,Thompson,CA,2022-11-17 01:31:56,55.7435,-97.8558,15.96,86,100,13.8
131,Dingle,PH,2022-11-17 01:31:56,10.9995,122.6711,84.15,77,60,10.47
132,Ashtian,IR,2022-11-17 01:31:57,34.5217,50.0019,43.02,85,17,3.09
133,Saint-Philippe,RE,2022-11-17 01:30:43,-21.3585,55.7679,65.79,75,19,5.68
134,Cacoal,BR,2022-11-17 01:31:57,-11.4386,-61.4472,76.59,77,100,4.12
135,Chuy,UY,2022-11-17 01:32:57,-33.6971,-53.4616,60.76,83,0,5.23
136,Ribeira Grande,PT,2022-11-17 01:32:58,38.5167,-28.7,62.78,62,15,8.01
137,Gurlan,UZ,2022-11-17 01:32:58,41.8447,60.3919,32.07,51,100,12.68
138,Nipawin,CA,2022-11-17 01:30:24,53.3668,-104.0009,19.44,79,100,18.41
139,Manaquiri,BR,2022-11-17 01:32:58,-3.3167,-60.35,82.89,71,99,3.44
140,Pringsewu,ID,2022-11-17 01:32:59,-5.3582,104.9744,78.94,87,95,4.18
141,Hofn,IS,2022-11-17 01:32:59,64.2539,-15.2082,46.67,88,100,24.54
142,Tuatapere,NZ,2022-11-17 01:32:59,-46.1333,167.6833,60.94,82,100,5.06
143,Adrar,MR,2022-11-17 01:33:00,20.5022,-10.0711,72.55,23,0,10.58
144,Praya,CV,2022-11-17 01:33:00,14.9215,-23.5087,75.74,69,20,8.05
145,Lubao,PH,2022-11-17 01:33:00,14.9167,120.55,84.27,70,100,12.39
146,Barcelos,PT,2022-11-17 01:33:00,41.5388,-8.6151,62.92,96,100,8.57
147,Gambela,ET,2022-11-17 01:33:01,8.25,34.5833,71.37,70,13,3.6
148,Kununurra,AU,2022-11-17 01:33:01,-15.7667,128.7333,82.38,78,25,4.61
149,Celestun,MX,2022-11-17 01:33:01,20.8667,-90.4,77.79,81,8,12.84
150,Mugur-Aksy,RU,2022-11-17 01:33:02,50.35,90.5,13.33,67,68,13.29
151,Millville,US,2022-11-17 01:33:02,39.4021,-75.0393,44.73,60,75,8.05
152,Grand-Lahou,CI,2022-11-17 01:33:02,5.1367,-5.0242,77.5,82,12,3.96
153,Vrangel,RU,2022-11-17 01:33:03,42.7297,133.0839,42.03,47,55,0.22
154,Qaqortoq,GL,2022-11-17 01:33:03,60.7167,-46.0333,7.0,91,14,5.53
155,College,US,2022-11-17 01:33:03,64.8569,-147.8028,10.38,85,20,0.0
156,Saint-Augustin,CA,2022-11-17 01:33:04,51.226,-58.6502,20.68,92,100,2.24
157,Scottsbluff,US,2022-11-17 01:33:04,41.8666,-103.6672,36.72,60,40,5.75
158,Korla,CN,2022-11-17 01:33:04,41.7597,86.1469,38.89,46,100,4.27
159,Bengkulu,ID,2022-11-17 01:33:05,-3.8004,102.2655,74.98,90,100,7.09
160,Severo-Kurilsk,RU,2022-11-17 01:33:05,50.6789,156.125,35.47,61,94,6.26
161,Sorland,NO,2022-11-17 01:33:05,67.667,12.6934,44.46,54,50,11.36
162,Asau,RO,2022-11-17 01:33:06,46.4333,26.4,38.32,87,100,2.08
163,Komsomolskiy,UZ,2022-11-17 01:33:06,40.4272,71.7189,36.32,80,9,0.0
164,Port Hardy,CA,2022-11-17 01:33:06,50.6996,-127.4199,33.98,100,40,3.44
165,Port Lincoln,AU,2022-11-17 01:32:12,-34.7333,135.8667,62.4,62,2,16.73
166,Mar Del Plata,AR,2022-11-17 01:33:07,-38.0023,-57.5575,66.83,88,0,4.61
167,Novaky,SK,2022-11-17 01:33:07,48.7111,18.5339,45.45,95,100,2.55
168,Srednekolymsk,RU,2022-11-17 01:33:08,67.45,153.6833,-4.97,99,100,7.38
169,Aleksandrov Gay,RU,2022-11-17 01:33:08,50.147,48.5704,32.94,87,100,11.41
170,Pevek,RU,2022-11-17 01:33:08,69.7008,170.3133,4.71,95,100,7.85
171,Yerbogachen,RU,2022-11-17 01:33:09,61.2767,108.0108,7.02,95,100,2.19
172,Yumen,CN,2022-11-17 01:33:09,40.2833,97.2,34.7,28,0,10.47
173,Upata,VE,2022-11-17 01:30:45,8.0086,-62.3989,71.08,95,100,3.51
174,Jibuti,DJ,2022-11-17 01:33:09,11.5,42.5,69.49,77,6,11.48
175,Klaksvik,FO,2022-11-17 01:33:10,62.2266,-6.589,50.92,89,90,33.6
176,Linxia,CN,2022-11-17 01:33:10,35.6003,103.2064,42.42,54,81,0.92
177,Swan Hill,AU,2022-11-17 01:33:10,-35.3378,143.5544,64.04,45,26,10.49
178,Kousseri,CM,2022-11-17 01:34:11,12.0769,15.0306,67.96,42,5,6.91
179,Codrington,AU,2022-11-17 01:34:11,-38.2667,141.9667,58.89,65,81,10.54
180,Opuwo,NA,2022-11-17 01:34:11,-18.0607,13.84,75.4,34,97,6.31
181,Vardo,NO,2022-11-17 01:34:12,70.3705,31.1107,35.58,48,72,12.66
182,Georgetown,MY,2022-11-17 01:34:12,5.4112,100.3354,82.33,90,20,3.44
183,Berlevag,NO,2022-11-17 01:30:34,70.8578,29.0864,41.0,55,13,16.04
184,Sabinas Hidalgo,MX,2022-11-17 01:34:12,26.5,-100.1667,50.54,55,100,4.09
185,Hammerfest,NO,2022-11-17 01:34:13,70.6634,23.6821,36.05,55,46,3.44
186,Yinchuan,CN,2022-11-17 01:34:13,38.4681,106.2731,44.83,45,0,5.86
187,Jertih,MY,2022-11-17 01:34:14,5.7336,102.4897,77.11,90,100,4.36
188,Cockburn Town,TC,2022-11-17 01:34:14,21.4612,-71.1419,82.36,74,40,9.22
189,Marang,MY,2022-11-17 01:34:14,5.2056,103.2059,84.96,81,100,3.56
190,Saint George,US,2022-11-17 01:31:02,37.1041,-113.5841,46.99,34,0,5.75
191,Tibati,CM,2022-11-17 01:34:15,6.4667,12.6333,70.18,45,74,1.7
192,Bereda,ES,2022-11-17 01:34:15,43.2686,-7.5406,55.42,96,70,9.13
193,Leningradskiy,RU,2022-11-17 01:34:15,69.3833,178.4167,5.34,93,100,2.77
194,Fuerte Olimpo,PY,2022-11-17 01:34:16,-21.0415,-57.8738,68.9,65,0,5.21
195,Beringovskiy,RU,2022-11-17 01:31:56,63.05,179.3167,31.55,95,100,3.83
196,Itoman,JP,2022-11-17 01:34:16,26.1247,127.6694,77.38,69,75,13.8
197,Lata,PT,2022-11-17 01:34:17,40.1629,-8.3327,63.07,97,100,10.29
198,San Cristobal,VE,2022-11-17 01:34:17,7.7669,-72.225,69.98,98,100,1.95
199,Poum,NC,2022-11-17 01:34:18,-20.2333,164.0167,79.93,76,100,5.57
200,Ancud,CL,2022-11-17 01:34:18,-41.8697,-73.8203,53.11,93,23,5.53
201,Phon Thong,TH,2022-11-17 01:34:18,16.3016,103.9768,80.47,64,2,8.63
202,Piacabucu,BR,2022-11-17 01:34:19,-10.4056,-36.4344,76.05,86,14,8.84
203,Dakar,SN,2022-11-17 01:31:08,14.6937,-17.4441,78.93,89,0,0.0
204,Coldstream,GB,2022-11-17 01:30:17,55.6511,-2.2529,49.98,97,100,4.56
205,Barrow,US,2022-11-17 01:34:19,71.2906,-156.7887,28.42,74,0,18.41
206,Ponta Do Sol,PT,2022-11-17 01:34:19,32.6667,-17.1,69.71,84,84,7.0
207,Marstal,DK,2022-11-17 01:34:20,54.8562,10.5173,42.71,69,48,34.52
208,Bambanglipuro,ID,2022-11-17 01:33:17,-7.95,110.2833,84.74,69,58,3.33
209,Grand-Santi,GF,2022-11-17 01:34:20,4.25,-54.3833,75.96,69,100,3.22
210,Provideniya,RU,2022-11-17 01:32:01,64.3833,-173.3,37.51,81,100,11.18
211,Haines Junction,CA,2022-11-17 01:34:21,60.7522,-137.5108,12.15,85,68,2.3
212,Buraydah,SA,2022-11-17 01:30:12,26.326,43.975,68.45,38,92,4.32
213,Auki,SB,2022-11-17 01:34:22,-8.7676,160.7034,83.14,77,46,2.33
214,Rizhao,CN,2022-11-17 01:34:22,35.4275,119.4553,59.0,60,0,5.64
215,Bonthe,SL,2022-11-17 01:34:22,7.5264,-12.505,76.55,83,54,2.08
216,Shubarkuduk,KZ,2022-11-17 01:34:23,49.1447,56.4872,24.98,78,100,9.8
217,Port-Gentil,GA,2022-11-17 01:33:17,-0.7193,8.7815,76.93,85,100,10.87
218,Sept-Iles,CA,2022-11-17 01:30:14,50.2001,-66.3821,25.32,92,100,11.5
219,Manono,CD,2022-11-17 01:34:24,-7.3,27.4167,66.25,93,93,2.55
220,Kipini,KE,2022-11-17 01:34:24,-2.5257,40.5262,75.49,83,87,2.37
221,Pisco,PE,2022-11-17 01:34:24,-13.7,-76.2167,64.45,82,0,14.97
222,Saint Austell,GB,2022-11-17 01:34:25,50.3383,-4.7658,48.43,79,35,19.3
223,Fortuna,US,2022-11-17 01:30:39,40.5982,-124.1573,51.98,87,0,4.61
224,Saint-Francois,FR,2022-11-17 01:35:25,46.4154,3.9054,55.67,71,100,4.61
225,Houma,US,2022-11-17 01:35:26,29.5958,-90.7195,48.99,79,0,9.22
226,Beloha,MG,2022-11-17 01:34:46,-25.1667,45.05,65.19,89,0,4.74
227,Isangel,VU,2022-11-17 01:35:26,-19.55,169.2667,83.73,63,87,6.69
228,Mae Sai,TH,2022-11-17 01:35:26,20.4335,99.8762,70.43,97,92,0.31
229,Portland,US,2022-11-17 01:32:32,45.5234,-122.6762,44.58,66,0,12.66
230,Yar-Sale,RU,2022-11-17 01:35:27,66.8333,70.8333,6.87,92,99,7.72
231,Vaitape,PF,2022-11-17 01:35:27,-16.5167,-151.75,79.65,72,96,1.45
232,Shubarshi,KZ,2022-11-17 01:35:28,48.5872,57.1869,24.39,78,100,8.9
233,Marsabit,KE,2022-11-17 01:35:28,2.3284,37.9899,64.38,79,25,10.54
234,Mount Gambier,AU,2022-11-17 01:35:28,-37.8333,140.7667,57.49,61,100,5.75
235,Swan River,CA,2022-11-17 01:30:33,52.1058,-101.2676,22.89,74,100,9.22
236,Arraial Do Cabo,BR,2022-11-17 01:35:29,-22.9661,-42.0278,71.91,77,97,13.96
237,Manaure,CO,2022-11-17 01:35:29,11.7751,-72.4445,80.44,84,100,14.32
238,Cherskiy,RU,2022-11-17 01:35:29,68.75,161.3,1.8,97,100,1.52
239,Pandamatenga,BW,2022-11-17 01:35:30,-18.5278,25.627,69.71,52,0,3.67
240,Faya,SA,2022-11-17 01:35:30,18.3851,42.4509,51.91,54,3,2.15
241,Atar,MR,2022-11-17 01:35:14,20.5169,-13.0499,75.49,22,0,8.79
242,Pitimbu,BR,2022-11-17 01:35:30,-7.4706,-34.8086,79.39,80,2,8.19
243,Mitsamiouli,KM,2022-11-17 01:35:31,-11.3847,43.2844,77.45,78,1,8.03
244,Margate,GB,2022-11-17 01:35:31,51.3813,1.3862,55.9,96,100,7.0
245,Road Town,VG,2022-11-17 01:35:31,18.4167,-64.6167,80.69,83,40,8.05
246,Fort Frances,CA,2022-11-17 01:35:32,48.5999,-93.4003,21.42,79,100,6.91
247,Lieksa,FI,2022-11-17 01:35:32,63.3167,30.0167,28.81,92,47,6.78
248,Alice Town,BS,2022-11-17 01:35:32,25.7167,-79.3,79.11,75,17,6.55
249,Lorengau,PG,2022-11-17 01:35:32,-2.0226,147.2712,85.39,57,99,7.99
250,Bisceglie,IT,2022-11-17 01:35:33,41.242,16.5044,61.79,84,0,8.77
251,Changping,CN,2022-11-17 01:35:33,40.2186,116.2197,42.44,30,0,2.04
252,Maryborough,AU,2022-11-17 01:35:33,-25.5333,152.7,77.11,17,56,3.94
253,Constitucion,CL,2022-11-17 01:35:34,-35.3333,-72.4167,56.88,83,10,11.81
254,Juneau,US,2022-11-17 01:32:22,58.3019,-134.4197,42.22,93,100,0.0
255,Ostrovnoy,RU,2022-11-17 01:35:34,68.0531,39.5131,30.63,88,100,10.13
256,Cabo San Lucas,MX,2022-11-17 01:35:34,22.8909,-109.9124,78.51,68,40,8.05
257,Abu Dhabi,AE,2022-11-17 01:32:57,24.4667,54.3667,77.02,83,0,2.3
258,Porto Da Folha,BR,2022-11-17 01:35:35,-9.9172,-37.2783,75.7,83,90,8.39
259,Cap Malheureux,MU,2022-11-17 01:35:35,-19.9842,57.6142,69.48,68,53,5.01
260,Pachino,IT,2022-11-17 01:35:35,36.7186,15.0907,65.77,76,81,15.7
261,San Quintin,MX,2022-11-17 01:35:35,30.4833,-115.95,61.52,54,0,1.77
262,Davila,PH,2022-11-17 01:35:36,18.4726,120.5763,84.18,62,1,4.56
263,Garmsar,IR,2022-11-17 01:35:36,35.2182,52.3409,53.83,54,50,5.84
264,Talnakh,RU,2022-11-17 01:35:36,69.4865,88.3972,-29.99,99,59,2.13
265,Chernogorsk,RU,2022-11-17 01:35:37,53.8236,91.2842,31.57,80,0,11.18
266,Hasaki,JP,2022-11-17 01:35:37,35.7333,140.8333,59.29,61,88,17.83
267,Piracanjuba,BR,2022-11-17 01:35:37,-17.3028,-49.0167,70.14,45,0,3.4
268,Nabire,ID,2022-11-17 01:35:38,-3.3667,135.4833,85.75,67,100,3.67
269,Acarau,BR,2022-11-17 01:35:38,-2.8856,-40.12,78.71,72,6,14.99
270,Cabedelo,BR,2022-11-17 01:35:38,-6.9811,-34.8339,79.47,77,1,8.28
271,Krasnoznamensk,RU,2022-11-17 01:36:38,55.5994,37.0386,24.69,86,100,4.47
272,Raudeberg,NO,2022-11-17 01:36:39,61.9875,5.1352,49.87,29,0,7.72
273,Palmer,US,2022-11-17 01:36:39,42.1584,-72.3287,40.37,74,40,10.36
274,Guigue,VE,2022-11-17 01:36:39,10.0853,-67.7792,80.42,78,100,3.44
275,Miyang,CN,2022-11-17 01:36:40,24.4042,103.4428,61.97,82,69,5.91
276,El Roble,CO,2022-11-17 01:36:40,9.1019,-75.1951,75.27,96,100,8.21
277,Kalmunai,LK,2022-11-17 01:36:40,7.4167,81.8167,75.63,80,80,11.07
278,Lyubech,UA,2022-11-17 01:36:40,51.7026,30.6569,28.51,83,100,12.19
279,Saldanha,ZA,2022-11-17 01:36:41,-33.0117,17.9442,55.45,77,94,15.82
280,Grong,NO,2022-11-17 01:36:41,64.4654,12.3149,36.68,60,2,6.78
281,Caravelas,BR,2022-11-17 01:36:41,-17.7125,-39.2481,72.27,97,100,1.43
282,Darnah,LY,2022-11-17 01:36:42,32.767,22.6367,64.33,56,0,15.03
283,Gondanglegi,ID,2022-11-17 01:36:42,-7.7479,112.0132,85.33,70,87,4.14
284,Luderitz,NA,2022-11-17 01:36:42,-26.6481,15.1594,59.23,83,15,13.06
285,Filadelfia,US,2022-11-17 01:36:14,39.9523,-75.1638,44.62,59,100,16.11
286,Kot Addu,PK,2022-11-17 01:36:42,30.4692,70.9671,59.22,38,0,2.84
287,Pochutla,MX,2022-11-17 01:36:43,15.7432,-96.4661,80.82,76,100,3.04
288,High Level,CA,2022-11-17 01:36:43,58.5169,-117.136,8.71,85,0,2.3
289,Znamenskoye,RU,2022-11-17 01:36:43,57.1281,73.8282,-5.35,96,69,5.12
290,Ottumwa,US,2022-11-17 01:36:44,41.02,-92.4113,28.94,82,100,14.97
291,Fairbanks,US,2022-11-17 01:36:11,64.8378,-147.7164,10.4,86,0,0.0
292,Versalles,FR,2022-11-17 01:36:44,48.8,2.1333,55.06,83,100,24.16
293,Iralaya,HN,2022-11-17 01:36:44,15.0,-83.2333,79.14,85,98,9.51
294,Presidencia Roque Saenz Pena,AR,2022-11-17 01:36:45,-26.7852,-60.4388,70.3,47,0,6.91
295,Manokwari,ID,2022-11-17 01:36:45,-0.8667,134.0833,83.57,73,100,5.77
296,Taoudenni,ML,2022-11-17 01:36:45,22.6783,-3.9836,71.6,18,0,9.22
297,Alofi,NU,2022-11-17 01:36:45,-19.0595,-169.9187,82.29,78,75,9.22
298,Ambunti,PG,2022-11-17 01:36:46,-4.2365,142.8448,92.68,52,90,2.66
299,Vostok,RU,2022-11-17 01:36:46,46.4856,135.8833,26.96,70,88,2.53
300,Askiz,RU,2022-11-17 01:36:46,53.1319,90.5264,25.83,55,100,17.76
301,Bemidji,US,2022-11-17 01:35:53,47.4736,-94.8803,19.06,91,0,0.0
302,Kojnare,BG,2022-11-17 01:36:47,43.35,24.1333,50.11,71,100,4.54
303,Aksu,CN,2022-11-17 01:36:47,41.1231,80.2644,35.98,46,0,3.02
304,Oranjemund,NA,2022-11-17 01:36:47,-28.55,16.4333,58.57,89,72,9.17
305,Lavrentiya,RU,2022-11-17 01:34:41,65.5833,-171.0,33.51,96,100,14.25
306,Olenegorsk,RU,2022-11-17 01:36:48,68.15,33.3,23.2,98,84,3.78
307,Northam,GB,2022-11-17 01:36:48,51.0333,-4.2167,51.26,92,100,18.05
308,Kontagora,NG,2022-11-17 01:36:48,10.3999,5.4695,69.78,37,3,4.94
309,Apollonia,GR,2022-11-17 01:36:48,36.9716,24.7231,60.39,79,13,23.47
310,Bjornevatn,NO,2022-11-17 01:36:49,69.6672,29.9847,28.02,93,93,5.75
311,Yerofey Pavlovich,RU,2022-11-17 01:36:49,53.9667,121.9667,13.55,87,100,2.77
312,Sulangan,PH,2022-11-17 01:36:49,11.1373,123.7228,82.62,77,99,9.42
313,Touros,BR,2022-11-17 01:36:50,-5.1989,-35.4608,78.57,70,1,11.48
314,Bosaso,SO,2022-11-17 01:36:50,11.2842,49.1816,73.8,75,0,3.06
315,Rawson,AR,2022-11-17 01:36:50,-43.3002,-65.1023,61.21,54,4,15.12
316,Muroto,JP,2022-11-17 01:36:50,33.2833,134.15,62.58,53,94,3.94
317,Neiafu,TO,2022-11-17 01:36:51,-18.65,-173.9833,75.88,94,75,5.75
318,Nanaimo,CA,2022-11-17 01:35:28,49.1663,-123.936,40.77,92,100,8.05
319,Zacatepec,MX,2022-11-17 01:32:56,18.65,-99.2,75.97,56,2,1.48
320,Padang,ID,2022-11-17 01:34:19,-0.9492,100.3543,73.45,86,100,3.04
321,Corralillo,CU,2022-11-17 01:37:51,22.9819,-80.5856,76.93,82,0,8.93
322,Maningrida,AU,2022-11-17 01:37:51,-12.0667,134.2667,92.19,50,100,6.87
323,Deniliquin,AU,2022-11-17 01:37:52,-35.5333,144.9667,63.59,46,16,13.65
324,Abu Samrah,SY,2022-11-17 01:37:52,35.3029,37.1841,56.03,76,100,0.67
325,Seddon,AU,2022-11-17 01:37:52,-37.8068,144.8916,62.15,67,75,19.57
326,Taicheng,CN,2022-11-17 01:37:53,38.731,113.228,44.82,37,0,2.46
327,Tautira,PF,2022-11-17 01:37:53,-17.7333,-149.15,77.83,78,77,7.2
328,Yilan,TW,2022-11-17 01:37:53,24.757,121.753,78.66,70,6,3.22
329,Biltine,TD,2022-11-17 01:37:53,14.5333,20.9167,68.9,29,7,8.03
330,Ust-Maya,RU,2022-11-17 01:37:54,60.4167,134.5333,-28.84,95,51,2.71
331,Comodoro Rivadavia,AR,2022-11-17 01:37:54,-45.8667,-67.5,58.86,58,0,6.91
332,Hamilton,US,2022-11-17 01:35:23,39.1834,-84.5333,33.94,82,100,13.8
333,Aldergrove,CA,2022-11-17 01:37:26,49.058,-122.4709,43.09,81,75,4.61
334,Benghazi,LY,2022-11-17 01:37:54,32.1167,20.0667,67.84,56,0,14.74
335,Benguela,AO,2022-11-17 01:37:55,-12.5763,13.4055,73.27,77,89,3.13
336,Bria,CF,2022-11-17 01:37:55,6.5423,21.9863,67.66,58,100,2.77
337,Grand Gaube,MU,2022-11-17 01:37:55,-20.0064,57.6608,70.2,68,59,5.01
338,Yangjiang,CN,2022-11-17 01:34:16,21.85,111.9667,78.66,75,16,6.91
339,Adra,ES,2022-11-17 01:37:56,36.7496,-3.0206,66.38,73,6,10.47
340,Dong Hoi,VN,2022-11-17 01:37:56,17.4833,106.6,79.99,80,24,2.28
341,Sitka,US,2022-11-17 01:37:56,57.0531,-135.33,48.09,71,0,0.0
342,Sarti,GR,2022-11-17 01:37:56,40.1,23.9833,62.98,75,93,7.96
343,Jizan,SA,2022-11-17 01:37:57,17.3333,42.6667,77.94,69,5,5.17
344,Laguna,US,2022-11-17 01:34:40,38.421,-121.4238,60.94,53,0,4.61
345,Soe,ID,2022-11-17 01:37:57,-9.8607,124.284,82.76,48,90,3.18
346,Jacqueville,CI,2022-11-17 01:37:57,5.2052,-4.4146,80.31,77,81,4.9
347,Port Blair,IN,2022-11-17 01:33:17,11.6667,92.75,78.71,83,99,3.02
348,Fukue,JP,2022-11-17 01:37:58,32.6881,128.8419,61.16,63,75,2.3
349,Sinnamary,GF,2022-11-17 01:37:58,5.3833,-52.95,78.31,84,100,7.76
350,Salalah,OM,2022-11-17 01:37:58,17.0151,54.0924,73.49,64,0,4.61
351,Lukhovitsy,RU,2022-11-17 01:37:59,54.9728,39.0361,18.68,96,15,3.67
352,Tsurib,RU,2022-11-17 01:37:59,42.2368,46.8307,37.62,47,87,11.18
353,Buala,SB,2022-11-17 01:37:59,-8.145,159.5921,84.58,69,52,1.83
354,Kachiry,KZ,2022-11-17 01:38:00,53.0675,76.1036,18.68,86,100,11.52
355,Ypsonas,CY,2022-11-17 01:38:00,34.6884,32.9574,59.85,82,40,3.44
356,Mahanoro,MG,2022-11-17 01:38:00,-19.9,48.8,71.8,93,97,7.76
357,Slave Lake,CA,2022-11-17 01:38:00,55.2834,-114.769,17.58,67,40,14.97
358,Mwinilunga,ZM,2022-11-17 01:34:18,-11.7358,24.4293,60.01,97,100,3.0
359,Kita,ML,2022-11-17 01:38:01,13.0349,-9.4895,73.71,23,100,4.38
360,Olinda,BR,2022-11-17 01:38:01,-8.0089,-34.8553,80.33,74,40,8.05
361,Rio Grande,BR,2022-11-17 01:38:01,-32.035,-52.0986,67.6,65,0,6.22
362,Camana,PE,2022-11-17 01:39:02,-16.6228,-72.7111,65.66,84,98,4.14
363,Le Moule,GP,2022-11-17 01:39:02,16.3332,-61.3473,77.04,100,0,14.2
364,Roebourne,AU,2022-11-17 01:39:02,-20.7833,117.1333,79.61,45,24,12.88
365,San Jose,US,2022-11-17 01:34:19,37.3394,-121.895,61.86,42,0,3.0
366,Kasongo-Lunda,CD,2022-11-17 01:39:03,-6.4667,16.8167,69.73,90,100,1.79
367,Bend,US,2022-11-17 01:39:03,44.0582,-121.3153,38.71,64,2,5.77
368,Yulara,AU,2022-11-17 01:39:04,-25.2406,130.9889,80.98,42,11,20.0
369,Yueyang,CN,2022-11-17 01:39:04,29.3333,113.0919,58.59,66,0,2.89
370,Mwaya,TZ,2022-11-17 01:39:04,-9.55,33.95,76.77,65,27,1.86
371,Waingapu,ID,2022-11-17 01:39:05,-9.6567,120.2641,84.61,68,100,3.49
372,Carballo,ES,2022-11-17 01:39:05,43.213,-8.691,60.01,88,73,9.4
373,Huarmey,PE,2022-11-17 01:39:05,-10.0681,-78.1522,64.9,85,100,9.15
374,La Roda,ES,2022-11-17 01:39:06,39.2167,-2.15,56.93,88,100,24.74
375,Goderich,CA,2022-11-17 01:37:56,43.7501,-81.7165,36.91,100,100,2.3
376,La Mana,EC,2022-11-17 01:39:06,-0.9333,-79.2167,75.69,80,93,1.45
377,Pangnirtung,CA,2022-11-17 01:39:07,66.1451,-65.7125,-1.68,83,78,3.44
378,Egvekinot,RU,2022-11-17 01:39:07,66.3167,-179.1667,29.16,99,100,6.42
379,Jumla,NP,2022-11-17 01:34:41,29.2747,82.1838,42.35,45,2,2.66
380,Aldan,RU,2022-11-17 01:39:07,58.6031,125.3894,12.97,91,100,8.21
381,La Fria,VE,2022-11-17 01:39:08,8.2203,-72.2439,78.91,94,100,3.29
382,Ahipara,NZ,2022-11-17 01:39:08,-35.1667,173.1667,68.56,71,100,10.6
383,Hovd,MN,2022-11-17 01:39:09,48.0056,91.6419,30.42,45,14,13.91
384,Nouakchott,MR,2022-11-17 01:39:09,18.0858,-15.9785,78.73,46,63,7.45
385,Colares,PT,2022-11-17 01:35:49,38.7992,-9.4469,66.33,97,100,18.01
386,Olanchito,HN,2022-11-17 01:39:10,15.5,-86.5667,75.04,98,63,0.51
387,Nushki,PK,2022-11-17 01:39:10,29.5542,66.0215,50.13,34,0,2.06
388,Narsaq,GL,2022-11-17 01:39:11,60.9167,-46.05,23.22,91,50,5.73
389,Sexsmith,CA,2022-11-17 01:39:11,55.35,-118.786,15.15,73,0,8.05
390,Sobolevo,RU,2022-11-17 01:39:11,54.4299,31.8996,24.35,81,6,6.62
391,Barsinghausen,DE,2022-11-17 01:39:12,52.3105,9.4561,45.77,91,75,24.16
392,Hami,CN,2022-11-17 01:39:12,42.8,93.45,39.47,39,100,1.97
393,Nome,US,2022-11-17 01:35:55,64.5011,-165.4064,32.11,80,100,21.85
394,Gushikawa,JP,2022-11-17 01:39:13,26.3544,127.8686,76.59,65,100,6.91
395,Te Anau,NZ,2022-11-17 01:39:13,-45.4167,167.7167,59.68,86,100,2.57
396,Bobo Dioulasso,BF,2022-11-17 01:39:13,11.1771,-4.2979,64.85,48,0,5.75
397,Mahenge,TZ,2022-11-17 01:39:14,-8.6833,36.7167,63.32,89,66,3.96
398,Soyo,AO,2022-11-17 01:39:14,-6.1349,12.3689,76.32,82,70,8.72
399,Conneaut,US,2022-11-17 01:39:14,41.9476,-80.5542,36.1,76,82,19.64
400,Chunoyar,RU,2022-11-17 01:39:15,57.4467,97.3217,31.05,85,100,8.28
401,Paamiut,GL,2022-11-17 01:39:15,61.994,-49.6678,11.48,80,49,9.28
402,Hanmer Springs,NZ,2022-11-17 01:39:15,-42.5167,172.8167,65.19,77,100,5.21
403,Ugoofaaru,MV,2022-11-17 01:40:16,5.6667,73.0,81.12,75,96,8.48
404,The Valley,AI,2022-11-17 01:39:30,18.217,-63.0578,80.46,72,1,17.58
405,Togur,RU,2022-11-17 01:40:16,58.3631,82.8265,4.55,92,100,8.21
406,Mananjary,MG,2022-11-17 01:40:17,-21.2167,48.3333,71.37,92,53,8.1
407,Broome,US,2022-11-17 01:40:17,42.2506,-75.833,36.32,83,100,11.5
408,Kieta,PG,2022-11-17 01:40:17,-6.2167,155.6333,85.59,61,100,4.74
409,Skovorodino,RU,2022-11-17 01:40:18,53.9833,123.9167,13.59,91,100,3.53
410,Wakkanai,JP,2022-11-17 01:40:18,45.4094,141.6739,31.98,100,75,9.22
411,Acapulco,MX,2022-11-17 01:35:26,16.8634,-99.8901,82.22,78,75,3.44
412,Praia Da Vitoria,PT,2022-11-17 01:40:19,38.7333,-27.0667,62.85,72,75,17.56
413,Eyl,SO,2022-11-17 01:39:41,7.9803,49.8164,76.1,77,11,9.8
414,Mecca,SA,2022-11-17 01:39:19,21.4267,39.8261,77.02,71,100,3.38
415,Arlington,US,2022-11-17 01:39:27,32.7357,-97.1081,48.65,60,0,8.05
416,Santa Rosa,PH,2022-11-17 01:40:19,14.3122,121.1114,87.1,76,73,13.06
417,Port Keats,AU,2022-11-17 01:40:20,-14.25,129.55,88.52,59,43,4.07
418,Mingyue,CN,2022-11-17 01:40:20,43.1069,128.9217,40.15,43,57,1.74
419,Kaeo,NZ,2022-11-17 01:40:20,-35.1,173.7833,74.32,77,100,9.73
420,Ati,TD,2022-11-17 01:40:21,13.2154,18.3353,72.64,22,1,9.17
421,Iqaluit,CA,2022-11-17 01:40:21,63.7506,-68.5145,8.33,85,100,14.97
422,Staryy Nadym,RU,2022-11-17 01:40:22,65.6118,72.6842,4.19,86,100,10.18
423,Ternate,ID,2022-11-17 01:40:22,0.8,127.4,83.68,73,93,6.08
424,Meoqui,MX,2022-11-17 01:40:22,28.2833,-105.4833,49.86,41,0,14.2
425,Necochea,AR,2022-11-17 01:40:23,-38.5473,-58.7368,60.33,90,100,6.69
426,Yantal,RU,2022-11-17 01:40:23,56.8471,105.2542,28.24,87,97,11.07
427,Chaozhou,CN,2022-11-17 01:40:23,23.6651,116.6379,75.06,67,2,2.68
428,Kolding,DK,2022-11-17 01:40:24,55.4904,9.4722,46.26,65,99,23.02
429,Sungairaya,ID,2022-11-17 01:40:24,0.7,108.9,84.87,71,35,3.8
430,Marystown,CA,2022-11-17 01:40:25,47.1666,-55.1483,36.81,74,100,6.22
431,Mokrousovo,RU,2022-11-17 01:40:26,55.8103,66.7653,6.67,79,100,6.13
432,Vanavara,RU,2022-11-17 01:40:26,60.34,102.2797,12.69,96,100,2.53
433,Assiniboia,CA,2022-11-17 01:37:43,49.6334,-105.9845,17.42,86,100,28.77
434,Hays,US,2022-11-17 01:40:27,30.0502,-98.0336,47.28,58,1,3.0
435,San Policarpo,PH,2022-11-17 01:40:27,12.1791,125.5072,82.2,84,100,11.86
436,Yashkul,RU,2022-11-17 01:40:27,46.1711,45.3435,44.83,98,100,7.52
437,Tilichiki,RU,2022-11-17 01:40:29,60.4667,166.1,12.54,90,20,4.56
438,Ondangwa,NA,2022-11-17 01:40:29,-17.9167,15.95,79.18,46,84,13.51
439,Dekar,BW,2022-11-17 01:40:30,-21.5333,21.9333,73.44,46,9,1.21
440,Kaitangata,NZ,2022-11-17 01:40:30,-46.2817,169.8464,58.89,77,90,7.31
441,Arifwala,PK,2022-11-17 01:40:30,30.294,73.0735,59.59,43,0,4.32
442,Lakselv,NO,2022-11-17 01:40:31,70.0513,24.9718,17.42,67,14,9.22
443,Ginir,ET,2022-11-17 01:40:31,7.1333,40.7,53.13,50,4,5.86
444,Preobrazheniye,RU,2022-11-17 01:40:31,42.9019,133.9064,42.39,45,11,2.93
445,Manavalakurichi,IN,2022-11-17 01:40:32,8.1333,77.3,77.85,82,100,5.41
446,Strezhevoy,RU,2022-11-17 01:40:32,60.7333,77.5889,-9.36,93,25,4.56
447,Tateyama,JP,2022-11-17 01:40:32,34.9833,139.8667,63.1,65,99,11.61
448,Port Shepstone,ZA,2022-11-17 01:40:32,-30.7414,30.455,69.06,83,100,6.51
449,Manadhoo,MV,2022-11-17 01:40:33,5.7667,73.3833,81.09,74,95,8.97
450,Verkhnevilyuysk,RU,2022-11-17 01:41:33,63.4453,120.3167,2.5,95,100,5.61
451,Terme,TR,2022-11-17 01:41:33,41.2092,36.9739,40.93,78,64,4.03
452,Haverfordwest,GB,2022-11-17 01:41:34,51.8017,-4.9691,47.79,96,100,10.47
453,Milkovo,RU,2022-11-17 01:41:34,54.7167,158.6167,17.83,83,5,0.81
454,Ende,ID,2022-11-17 01:41:34,-8.8432,121.6623,85.98,69,97,1.68
455,Kavaratti,IN,2022-11-17 01:41:35,10.5669,72.642,81.66,72,100,4.45
456,Chicama,PE,2022-11-17 01:41:35,-7.8447,-79.1469,61.34,76,99,5.91
457,Nanortalik,GL,2022-11-17 01:39:35,60.1432,-45.2371,20.14,74,45,20.42
458,Alta Floresta,BR,2022-11-17 01:40:34,-9.8756,-56.0861,73.38,87,60,2.51
459,Ulladulla,AU,2022-11-17 01:41:35,-35.35,150.4667,61.5,48,6,11.52
460,Svetlogorsk,BY,2022-11-17 01:41:36,52.6333,29.7333,27.18,75,52,10.87
461,Boyolangu,ID,2022-11-17 01:41:36,-8.1181,111.8935,84.63,72,87,3.67
462,Okakarara,NA,2022-11-17 01:41:36,-20.5833,17.4333,69.17,60,100,5.32
463,Hirara,JP,2022-11-17 01:41:37,24.8,125.2833,79.07,78,75,14.97
464,Henties Bay,NA,2022-11-17 01:41:37,-22.116,14.2845,59.09,93,3,7.52
465,Hervey Bay,AU,2022-11-17 01:41:37,-25.2986,152.8535,78.03,35,48,14.0
466,Castrillon,ES,2022-11-17 01:41:38,43.3979,-6.7922,55.33,80,35,11.36
467,Pori,FI,2022-11-17 01:41:38,61.4833,21.7833,26.67,93,100,2.3
468,Miri,MY,2022-11-17 01:41:38,4.4148,114.0089,84.34,84,40,2.3
469,Luau,AO,2022-11-17 01:41:38,-10.7073,22.2247,62.02,99,100,1.19
470,Juba,SS,2022-11-17 01:41:39,4.8517,31.5825,73.47,78,92,3.96
471,Lima,PE,2022-11-17 01:37:40,-12.0432,-77.0282,64.9,81,0,14.97
472,Zhangye,CN,2022-11-17 01:41:39,38.9342,100.4517,36.73,25,0,7.74
473,Senneterre,CA,2022-11-17 01:41:39,48.3835,-77.2328,21.88,93,100,6.15
474,Esso,RU,2022-11-17 01:41:40,55.9333,158.7,15.44,90,10,2.68
475,Mount Isa,AU,2022-11-17 01:41:40,-20.7333,139.5,85.77,17,60,13.8
476,Qasigiannguit,GL,2022-11-17 01:39:23,68.8193,-51.1922,16.05,93,100,4.99
477,Huntsville,US,2022-11-17 01:37:44,34.7304,-86.5861,39.81,68,40,0.0
478,Oyama,JP,2022-11-17 01:37:28,36.3,139.8,56.59,47,90,3.6
479,Perth,AU,2022-11-17 01:37:12,-31.9333,115.8333,68.67,72,40,17.27
480,Terrell,US,2022-11-17 01:41:40,32.736,-96.2753,47.91,69,0,0.0
481,Sandnessjoen,NO,2022-11-17 01:41:41,66.0217,12.6316,51.91,19,0,3.44
482,Samdrup Jongkhar,BT,2022-11-17 01:41:41,26.9167,91.6167,62.56,54,0,1.34
483,Coahuayana,MX,2022-11-17 01:41:41,18.7333,-103.6833,75.42,88,0,2.24
484,Mestia,GE,2022-11-17 01:41:42,43.0458,42.7278,38.14,52,100,1.77
485,Karachi,PK,2022-11-17 01:41:31,24.9056,67.0822,67.82,83,0,3.44
486,Suffolk,US,2022-11-17 01:39:01,40.8668,-72.7996,46.85,71,40,6.91
487,Ambon,ID,2022-11-17 01:41:42,-3.6954,128.1814,86.14,66,40,2.3
488,Malakal,SS,2022-11-17 01:41:42,9.5334,31.6605,73.96,36,7,5.03
489,Nizwa,OM,2022-11-17 01:39:37,22.9333,57.5333,69.08,65,77,2.46
490,Sampit,ID,2022-11-17 01:41:43,-2.5333,112.95,86.25,66,100,1.19
491,Promyshlennaya,RU,2022-11-17 01:41:43,54.9159,85.6385,20.35,82,100,15.23
492,Ust-Koksa,RU,2022-11-17 01:41:43,50.2696,85.6108,6.42,92,86,2.42
493,Antofagasta,CL,2022-11-17 01:38:17,-23.65,-70.4,61.88,83,37,2.86
494,Vila Velha,BR,2022-11-17 01:41:44,-20.3297,-40.2925,71.55,98,100,3.44
495,Umm Lajj,SA,2022-11-17 01:40:59,25.0213,37.2685,74.59,55,100,10.11
496,Sao Joao De Pirabas,BR,2022-11-17 01:41:44,-0.7747,-47.1772,78.39,76,100,4.41
497,Kathu,TH,2022-11-17 01:42:44,7.9178,98.3332,83.7,99,99,3.58
498,Murree,PK,2022-11-17 01:42:45,33.9073,73.393,32.25,61,0,7.96
499,Ossora,RU,2022-11-17 01:42:45,59.2353,163.0719,19.11,79,3,6.85
500,Ibiruba,BR,2022-11-17 01:42:45,-28.6275,-53.0897,63.21,58,6,4.59
501,Benin,BJ,2022-11-17 01:42:46,9.5,2.25,69.01,34,43,3.47
502,Escanaba,US,2022-11-17 01:42:46,45.7453,-87.0646,30.51,93,100,5.75
503,Novichikha,RU,2022-11-17 01:42:46,52.204,81.3877,23.07,92,100,13.42
504,Camacari,BR,2022-11-17 01:42:46,-12.6975,-38.3242,80.37,92,48,5.75
505,Ghanzi,BW,2022-11-17 01:42:47,-21.5667,21.7833,73.81,47,7,1.3
506,Kanye,BW,2022-11-17 01:42:47,-24.9667,25.3327,68.79,42,11,6.04
507,Kamina,CD,2022-11-17 01:42:47,-8.7386,24.9906,58.95,97,90,2.35
508,Uzventis,LT,2022-11-17 01:42:48,55.7803,22.6547,28.47,86,10,6.69
509,Karratha,AU,2022-11-17 01:42:48,-20.7377,116.8463,78.57,47,47,13.6
510,Port Macquarie,AU,2022-11-17 01:42:48,-31.4333,152.9167,68.9,49,40,15.86
511,Piet Retief,ZA,2022-11-17 01:42:48,-27.0071,30.8132,58.48,90,10,3.38
512,Bairiki,KI,2022-11-17 01:42:49,1.3292,172.9752,87.8,66,40,11.5
513,Aklavik,CA,2022-11-17 01:42:49,68.2191,-135.0107,11.39,80,100,1.54
514,Coihaique,CL,2022-11-17 01:42:49,-45.5752,-72.0662,53.55,76,0,4.61
515,Loiza,PR,2022-11-17 01:42:50,18.4313,-65.8802,81.07,83,40,11.5
516,Airai,TL,2022-11-17 01:42:50,-8.9266,125.4092,74.59,54,63,2.06
517,Emerald,AU,2022-11-17 01:42:50,-23.5333,148.1667,82.35,25,50,8.57
518,Beyneu,KZ,2022-11-17 01:42:50,45.3167,55.2,33.75,57,100,17.54
519,Daru,PG,2022-11-17 01:42:51,-9.0763,143.2092,85.86,72,100,7.49
520,Angoche,MZ,2022-11-17 01:42:51,-16.2325,39.9086,75.18,82,14,3.58
521,Guzelyurt,TR,2022-11-17 01:42:51,38.2772,34.3719,38.75,63,58,3.78
522,La Ronge,CA,2022-11-17 01:42:52,55.1001,-105.2842,14.25,73,100,19.57
523,Lompoc,US,2022-11-17 01:42:52,34.6391,-120.4579,62.74,51,0,6.91
524,Bonavista,CA,2022-11-17 01:42:52,48.6499,-53.1147,33.82,65,98,3.94
525,Karlshamn,SE,2022-11-17 01:42:53,56.1706,14.8619,41.49,62,100,15.79
526,Las Cruces,US,2022-11-17 01:37:55,32.3123,-106.7783,48.34,45,100,11.5
527,Namibe,AO,2022-11-17 01:42:53,-15.1961,12.1522,69.04,79,98,8.59
528,Shelton,US,2022-11-17 01:38:09,41.3165,-73.0932,45.97,78,75,6.91
529,Yoichi,JP,2022-11-17 01:42:53,43.2039,140.7703,42.51,61,100,12.73
530,Foggia,IT,2022-11-17 01:42:54,41.45,15.5333,59.85,88,0,5.75
531,Tyler,US,2022-11-17 01:38:11,32.3513,-95.3011,44.69,75,0,0.0
532,Ulagan,RU,2022-11-17 01:42:54,50.6321,87.9563,12.42,94,74,1.88
533,Neuquen,AR,2022-11-17 01:39:22,-38.9516,-68.0591,71.49,64,0,4.61
534,Gazanjyk,TM,2022-11-17 01:42:54,39.2446,55.5154,49.59,61,93,12.41
535,Surt,LY,2022-11-17 01:42:54,31.2089,16.5887,67.44,38,0,15.3
536,Kingsville,US,2022-11-17 01:42:55,27.5159,-97.8561,50.18,76,100,8.05
537,Cayenne,GF,2022-11-17 01:42:55,4.9333,-52.3333,78.84,89,0,0.0
538,Dire Dawa,ET,2022-11-17 01:42:55,9.5931,41.8661,63.28,41,1,2.53
539,Calahorra,ES,2022-11-17 01:42:56,42.3051,-1.9652,57.11,75,100,1.66
540,High Prairie,CA,2022-11-17 01:42:56,55.4334,-116.4858,7.93,93,6,5.37
541,Ilembula,TZ,2022-11-17 01:42:56,-8.9,34.5833,62.8,82,68,8.43
542,Shenjiamen,CN,2022-11-17 01:42:57,29.9576,122.298,63.32,92,100,11.43
543,San Patricio,US,2022-11-17 01:43:57,28.017,-97.5169,51.84,62,100,7.11
544,Kaufungen,DE,2022-11-17 01:43:57,51.2811,9.6186,48.34,92,100,10.69
545,Lazaro Cardenas,MX,2022-11-17 01:43:57,17.9583,-102.2,77.92,84,0,2.42
546,Thohoyandou,ZA,2022-11-17 01:43:58,-22.9456,30.485,69.46,53,0,3.96
547,Misratah,LY,2022-11-17 01:43:58,32.3754,15.0925,69.64,38,0,11.77
548,Pervomayskoye,RU,2022-11-17 01:43:58,43.919,46.7102,49.08,87,100,3.87
549,Rincon,US,2022-11-17 01:40:31,32.296,-81.2354,53.85,88,20,3.44
550,Shihezi,CN,2022-11-17 01:43:59,44.3,86.0333,34.75,97,100,5.61
551,Sabzevar,IR,2022-11-17 01:43:59,36.2126,57.6819,47.48,57,40,9.22
552,Taybad,IR,2022-11-17 01:43:59,34.74,60.7756,45.61,51,75,4.21
553,Namanyere,TZ,2022-11-17 01:44:00,-7.5167,31.05,60.49,92,75,4.65
